{
    "accuracy": 0.15156130997715156,
    "precision": 0.15156130997715156,
    "recall": 1.0,
    "f1_score": 