{"mse": 0.08083301443542913, "mae": 0.2081432666625266, "r2_score": 0.9806491407421016, "model_size_bytes": 4096}