{"mse": 0.09371119971832684, "mae": 0.22423388786673956, "r2_score": 0.9775661931043446, "model_size_bytes": 4096}