{"mse": 0.0017834211034307612, "mae": 0.021578376403231594, "r2_score": 0.9057266917306555, "model_size_bytes": 4096}