{"mse": 0.0017258138227301896, "mae": 0.021531035811157825, "r2_score": 0.9087718664914545, "model_size_bytes": 4096}