{"mse": 0.0019906756746430445, "mae": 0.024259343373678098, "r2_score": 0.8947710211688683, "model_size_bytes": 4096}