{"mse": 0.002002675061903752, "mae": 0.02514645431701618, "r2_score": 0.8941367223304753, "model_size_bytes": 4096}