{"mse": 0.06671772962581202, "mae": 0.1813854500980785, "r2_score": 0.9893770728273932, "model_size_bytes": 4096}