{"mse": 0.05584207467786714, "mae": 0.16610271505008234, "r2_score": 0.9911087158421417, "model_size_bytes": 4096}