{"mse": 0.1489313622498941, "mae": 0.2875493517439165, "r2_score": 0.9643468717563796, "model_size_bytes": 4096}