{"mse": 0.21047784046796997, "mae": 0.34755513972199464, "r2_score": 0.9496130746051096, "model_size_bytes": 4096}