{"mse": 0.06571373752732464, "mae": 0.17793660433187375, "r2_score": 0.9787807986036026, "model_size_bytes": 4096}