{"mse": 0.07211251218821937, "mae": 0.1859252189851171, "r2_score": 0.9767146113293932, "model_size_bytes": 4096}