{"mse": 0.08518952757966192, "mae": 0.2039102718975018, "r2_score": 0.9724919961853463, "model_size_bytes": 4096}