{"mse": 0.07360540370891891, "mae": 0.1890719550657256, "r2_score": 0.9762325513061367, "model_size_bytes": 4096}