{"mse": 0.0017478760882524255, "mae": 0.02219249103862781, "r2_score": 0.9076056344923508, "model_size_bytes": 4096}