{"mse": 0.0018122897930850006, "mae": 0.022125548039788136, "r2_score": 0.9042006657831826, "model_size_bytes": 4096}