{"mse": 0.11687045296723392, "mae": 0.24836929416796824, "r2_score": 0.9813916582973744, "model_size_bytes": 4096}