{"mse": 0.0874683038838871, "mae": 0.21581314145543268, "r2_score": 0.9860731258800135, "model_size_bytes": 4096}