{"mse": 0.06692611411076518, "mae": 0.1780568321284405, "r2_score": 0.9783893178590839, "model_size_bytes": 4096}