{"mse": 0.07223625031500161, "mae": 0.18520935536905983, "r2_score": 0.9766746558447198, "model_size_bytes": 4096}