{"mse": 0.05078013085387638, "mae": 0.1629009481095061, "r2_score": 0.9878435912341735, "model_size_bytes": 4096}