{"mse": 0.05265309939763125, "mae": 0.16536932043248226, "r2_score": 0.987395215642371, "model_size_bytes": 4096}