{"mse": 0.07604657645687017, "mae": 0.2020291372810651, "r2_score": 0.9878917156210473, "model_size_bytes": 4096}