{"mse": 0.10648540461096465, "mae": 0.23537458554273907, "r2_score": 0.9830451859727221, "model_size_bytes": 4096}