{"mse": 0.04751154415622368, "mae": 0.15636399467991924, "r2_score": 0.9886260680674364, "model_size_bytes": 4096}