{"mse": 0.05355823044002394, "mae": 0.16645321029216614, "r2_score": 0.9871785335906916, "model_size_bytes": 4096}