{"mse": 0.08791770066323948, "mae": 0.21844224110960184, "r2_score": 0.978953116326357, "model_size_bytes": 4096}