{"mse": 0.10133368108169148, "mae": 0.23370228306310684, "r2_score": 0.9757414242881791, "model_size_bytes": 4096}