{"mse": 0.0806954279564857, "mae": 0.2067949271391853, "r2_score": 0.9806820779844947, "model_size_bytes": 4096}