{"mse": 0.06267917206819835, "mae": 0.18339644793662527, "r2_score": 0.9849950438497851, "model_size_bytes": 4096}