custom_MSE_1,custom_MAE_1,custom_R2_1,custom_MSE_2,custom_MAE_2,custom_R2_2,custom_MSE_3,custom_MAE_3,custom_R2_3,custom_MSE_avg,custom_MAE_avg,custom_R2_avg,baseline_MSE_1,baseline_MAE_1,baseline_R2_1,baseline_MSE_2,baseline_MAE_2,baseline_R2_2,baseline_MSE_3,baseline_MAE_3,baseline_R2_3,baseline_MSE_avg,baseline_MAE_avg,baseline_R2_avg
0.19942999070831322,0.3033636375374892,0.9816543065835711,0.4938159923121985,0.5223288444325987,0.9544043174655343,0.996563417106603,0.7492889735606486,0.909467999173849,0.5632698000423716,0.5249938185102455,0.9485088744076515,0.12699079706353805,0.2555679464910042,0.988318034708014,0.4228955322765606,0.4870967122427166,0.9609526407910755,0.948682676691868,0.7216044443529692,0.9138176864655708,0.4995230020106556,0.4880897010288967,0.9543627873215534
