{
    "custom_metrics": {
        "MSE_1": 0.19942999070831322,
        "MAE_1": 0.3033636375374892,
        "R2_1": 0.9816543065835711,
        "MSE_2": 0.4938159923121985,
        "MAE_2": 0.5223288444325987,
        "R2_2": 0.9544043174655343,
        "MSE_3": 0.996563417106603,
        "MAE_3": 0.7492889735606486,
        "R2_3": 0.909467999173849,
        "MSE_avg": 0.5632698000423716,
        "MAE_avg": 0.5249938185102455,
        "R2_avg": 0.9485088744076515
    },
    "baseline_metrics": {
        "MSE_1": 0.12699079706353805,
        "MAE_1": 0.2555679464910042,
        "R2_1": 0.988318034708014,
        "MSE_2": 0.4228955322765606,
        "MAE_2": 0.4870967122427166,
        "R2_2": 0.9609526407910755,
        "MSE_3": 0.948682676691868,
        "MAE_3": 0.7216044443529692,
        "R2_3": 0.9138176864655708,
        "MSE_avg": 0.4995230020106556,
        "MAE_avg": 0.4880897010288967,
        "R2_avg": 0.9543627873215534
    }
}
