{"mse": 0.06760788559264289, "mae": 0.18039538362342292, "r2_score": 0.9781691714037972, "model_size_bytes": 4096}