{"mse": 0.07398593954379881, "mae": 0.18660282412713536, "r2_score": 0.9761096749210353, "model_size_bytes": 4096}