{"mse": 0.07549473073170111, "mae": 0.19046356126001177, "r2_score": 0.9756224808382471, "model_size_bytes": 4096}