{"mse": 0.07024412059683985, "mae": 0.1833200158596203, "r2_score": 0.9773179216714406, "model_size_bytes": 4096}