{"mse": 0.0018088133303274937, "mae": 0.02043210101356472, "r2_score": 0.9043844348574606, "model_size_bytes": 4096}