{"mse": 0.0017335590571642453, "mae": 0.021095558521061014, "r2_score": 0.9083624461520767, "model_size_bytes": 4096}