{"mse": 0.0730383052978957, "mae": 0.1969330779243364, "r2_score": 0.988370698428413, "model_size_bytes": 4096}