{"mse": 0.08735099021646246, "mae": 0.21197929326535775, "r2_score": 0.9860918047911874, "model_size_bytes": 4096}