{"mse": 0.0016814712406915252, "mae": 0.019405806229608028, "r2_score": 0.9111158568692447, "model_size_bytes": 4096}