{"mse": 0.0015970066347687445, "mae": 0.01989985668390766, "r2_score": 0.9155807349716116, "model_size_bytes": 4096}