{"mse": 0.1265661174138133, "mae": 0.2538623849029565, "r2_score": 0.9591313470148146, "model_size_bytes": 4096}