{"mse": 0.12498083814475429, "mae": 0.2579404982032922, "r2_score": 0.9596432393731774, "model_size_bytes": 4096}