{"mse": 0.07020890989195687, "mae": 0.18238731824719637, "r2_score": 0.9773292913342589, "model_size_bytes": 4096}