{"mse": 0.06320908416503464, "mae": 0.17380279751623148, "r2_score": 0.9795895601521372, "model_size_bytes": 4096}