{"mse": 0.09363284570103358, "mae": 0.22141725050626113, "r2_score": 0.9850915954960614, "model_size_bytes": 4096}