{"mse": 0.07828449360984448, "mae": 0.20717486164674584, "r2_score": 0.9875353900825778, "model_size_bytes": 4096}