{"mse": 0.14441820584395754, "mae": 0.2838255540163241, "r2_score": 0.9770054512993295, "model_size_bytes": 4096}