{"mse": 0.17494765736613666, "mae": 0.308815611207747, "r2_score": 0.9721444924214022, "model_size_bytes": 4096}