{"mse": 0.0016857978903609292, "mae": 0.01960469842956735, "r2_score": 0.9108871461192863, "model_size_bytes": 4096}