{"mse": 0.001603109499825755, "mae": 0.02009180409174767, "r2_score": 0.9152581318142647, "model_size_bytes": 4096}