{"mse": 0.0016440769542859863, "mae": 0.02129258665131183, "r2_score": 0.9130925538383676, "model_size_bytes": 4096}