{"mse": 0.0017326537152939233, "mae": 0.021218687779074263, "r2_score": 0.9084103033704677, "model_size_bytes": 4096}