{"mse": 0.05699039590986711, "mae": 0.1686911878283257, "r2_score": 0.9909258778935678, "model_size_bytes": 4096}