{"mse": 0.06541915971953761, "mae": 0.17888075539410678, "r2_score": 0.9895838336632349, "model_size_bytes": 4096}