{"mse": 0.0017794760035843237, "mae": 0.01997109741071636, "r2_score": 0.9059352333999567, "model_size_bytes": 4096}