{"mse": 0.0016389019693180636, "mae": 0.020195451077005537, "r2_score": 0.9133661083859906, "model_size_bytes": 4096}