{"mse": 0.0682343928946857, "mae": 0.17991576256603514, "r2_score": 0.9779668699502718, "model_size_bytes": 4096}