{"mse": 0.06234331438577358, "mae": 0.17342563688867846, "r2_score": 0.9798691203171851, "model_size_bytes": 4096}