{"mse": 0.06605684572393758, "mae": 0.17944830912319093, "r2_score": 0.9894823000525781, "model_size_bytes": 4096}