{"mse": 0.057383584309104264, "mae": 0.16928477540650722, "r2_score": 0.9908632736689691, "model_size_bytes": 4096}